ubigeo,department,province,district,population,idh,monetary_poverty,life_expectancy,complete_secondary_edu,years_edu,family_income,hh_1_nbi_or_more,hh_inadequate_char,overcrowded_hh,hh_wo_sanitation,hh_school_absence,hh_high_economic_dependence
150101,LIMA,LIMA,LIMA,268352,0.746010874,0.07958984,0.9480573981666666,0.782691556,0.6527535211267605,0.6126760539553753,0.07116252462975911,0.006699294476577893,0.053950295557109264,4.1950041314434627e-4,0.010767177270704888,0.0031271848979851267
150102,LIMA,LIMA,ANCON,62928,0.656473404,0.19246935,0.8898521410000001,0.724031961,0.5168661971830987,0.519715445030426,0.2042511745158703,0.12988426721668386,0.06027271685573508,0.011401397960352928,0.013578549329666552,0.006932508307551277
150103,LIMA,LIMA,ATE,599196,0.700430248,0.17174936,0.9337706831666668,0.766107408,0.5660915492957747,0.5588127127789047,0.15927508561384368,0.06852744188865655,0.07487953450313665,0.012552656302088069,0.014389186895778405,0.0067945570809467525
150104,LIMA,LIMA,BARRANCO,34378,0.801234733,0.03172325,0.9445979883333334,0.786570743,0.7417112676056338,0.7129284628803245,0.031105689640149866,0.003310969765618193,0.02361244227585606,0,0.00496645464842729,7.841770497516772e-4
150105,LIMA,LIMA,BRENA,85309,0.785999689,0.04041467,0.9401354318333333,0.792611895,0.69999295774647885,0.6934251257606491,0.05240448733035224,0.005138463952302503,0.04099003687142073,0,0.006629010747626893,0.001098297638660077
150106,LIMA,LIMA,CARABAYLLO,333045,0.662879143,0.19176021,0.9129094821666667,0.744076833,0.5386971830985916,0.5039577200811359,0.18176793671629418,0.09055004778518544,0.0769283913088535,0.014162838094580124,0.014151323592064205,0.00777228919824519
150107,LIMA,LIMA,CHACLACAYO,42912,0.727064248,0.09712625,0.9627281746666666,0.780766852,0.6313380281690141,0.5686211744421906,0.08955755363660643,0.01335351197364907,0.05252381376301967,0.01157304371049586,0.010949879818392237,0.006765779399982195
150108,LIMA,LIMA,CHORRILLOS,314241,0.738221736,0.1160839,0.9358285350000001,0.770687263,0.6205281690140845,0.6216477419878296,0.10578649857175572,0.0370740879123528,0.05727440369294556,0.0034109125094914966,0.01163085007653461,0.0044474442261567574
150109,LIMA,LIMA,CIENEGUILLA,34684,0.650977805,0.17529394,0.8833725448333333,0.699186992,0.5178098591549297,0.5190065273833672,0.22924243998752988,0.1387301257404136,0.08043229762028474,0.02275797568325886,0.012054452873324326,0.006442897225397485
150110,LIMA,LIMA,COMAS,520450,0.7081597,0.16044523,0.9438671930000001,0.782665066,0.582894366197183,0.5570572486815415,0.12953000919186897,0.04477645676054428,0.06841161490589635,0.008822687340837515,0.014571372602203035,0.007187740156412459
150111,LIMA,LIMA,EL AGUSTINO,198862,0.70122061,0.16689837,0.9863923353333334,0.738624843,0.5541760563380282,0.5463594937119675,0.11138585171734343,0.016825715720743345,0.07839122203763088,7.340725572769772e-4,0.01545415910056794,0.007089595487385542
150112,LIMA,LIMA,INDEPENDENCIA,211360,0.697405438,0.20590949,0.941299514,0.766261415,0.5536901408450704,0.553230709127789,0.1605731862302691,0.06312047593612437,0.08476230821652883,0.01232203046433242,0.01333505240086199,0.009725010590683881
150113,LIMA,LIMA,JESUS MARIA,75359,0.836180982,0.00519235,0.9528439689999999,0.814129353,0.7956901408450705,0.7623604770791075,0.019038413045305538,0.002017315289568799,0.012103891737412793,0,0.004833151214591914,5.88383626124233e-4
150114,LIMA,LIMA,LA MOLINA,140679,0.793272471,0.01168268,0.956069831,0.784706622,0.8054929577464788,0.6567392945233266,0.02094670145359672,0.003752018884333458,0.012846316312585414,3.230214933532116e-4,0.003975649148962604,8.448254441545533e-4
150115,LIMA,LIMA,LA VICTORIA,173630,0.712486256,0.11057018,0.9391683336666666,0.750875939,0.6073873239436619,0.570254967545639,0.10414222013611828,0.00801846201987014,0.08538684189939763,1.9557224438707658e-4,0.012340608620824532,0.003226942032386764
150116,LIMA,LIMA,LINCE,54711,0.822136078,0.01452933,0.9537549356666666,0.828821656,0.7575422535211268,0.7352928559837728,0.03374924421480789,0.006046281536854835,0.023415599406365086,0,0.005386687187379761,4.3972956631671523e-4
150117,LIMA,LIMA,LOS OLIVOS,325884,0.753197914,0.07881448,0.9537636956666666,0.795136872,0.6543239436619718,0.6211109488843813,0.06534891753668565,0.0060947754292526935,0.0485242175400283,4.456874171299959e-5,0.010351090262844155,0.0028858260259167234
150118,LIMA,LIMA,LURIGANCHO,240814,0.678874995,0.18234247,0.9223704180000001,0.747846094,0.5419225352112677,0.5328308385395537,0.21148880264568642,0.08587910179550294,0.07440237990969632,0.05924102626055179,0.013409643466574047,0.00851693571525649
150119,LIMA,LIMA,LURIN,89195,0.691154232,0.18264468,0.9117291938333333,0.712550607,0.5438802816901408,0.5817006373225152,0.18931489629164047,0.08015922899643829,0.07278441231929604,0.03846637335009428,0.014917242824219568,0.005405405405405406
150120,LIMA,LIMA,MAGDALENA DEL MAR,60290,0.827377375,0.00782218,0.9545157296666666,0.799645839,0.7838521126760564,0.7494832401622717,0.02411767763397266,0.0024949321690316546,0.016113103591662768,0,0.00556161962679973,8.316440563438848e-4
150121,LIMA,LIMA,PUEBLO LIBRE,83323,0.829684602,0.00779682,0.9535618466666667,0.827052822,0.7932746478873239,0.7394551062880325,0.020676335820047714,0.002385731056159352,0.01325406142310751,0,0.005301624569243004,5.301624569243004e-4
150122,LIMA,LIMA,MIRAFLORES,99337,0.81457821,8.55e-4,0.9493042973333333,0.780917281,0.842556338028169,0.7019253488843813,0.0071758890129166005,6.378568011481422e-4,0.0034284803061712644,0,0.003162706639026205,7.973210014351777e-5
150123,LIMA,LIMA,PACHACAMAC,110071,0.645634317,0.20000896,0.8832151543333334,0.711727208,0.4922394366197183,0.5148115935091278,0.24344816218889073,0.153057524311851,0.08310532388330312,0.017141915279380252,0.01279050601615296,0.008900609856601285
150124,LIMA,LIMA,PUCUSANA,14891,0.619068012,0.23739385,0.8748856365,0.670560748,0.5021267605633802,0.46734549168357,0.3379026730637423,0.27256111491889423,0.06534155814484807,0.046835732236691796,0.010737948366461046,0.0075394105551747775
150125,LIMA,LIMA,PUENTE PIEDRA,329675,0.661334953,0.22678988,0.919128657,0.734817063,0.516556338028169,0.5107867935091278,0.2223698832586754,0.12293926930699875,0.07720508208553392,0.031539633622418004,0.015042331618683194,0.00867254001168559
150126,LIMA,LIMA,PUNTA HERMOSA,15874,0.675871767,0.19183087,0.8769902476666668,0.68164794,0.5552957746478874,0.5722106077079108,0.4094240837696335,0.3631762652705061,0.05008726003490401,0.016404886561954626,0.009773123909249564,0.004886561954624782
150127,LIMA,LIMA,PUNTA NEGRA,7074,0.704913257,0.14288621,0.8613993591666668,0.677586207,0.6003169014084507,0.6375730141987829,0.1235236220472441,0.05954724409448819,0.05019685039370079,0.0024606299212598425,0.012795275590551181,0.0054133858267716535
150128,LIMA,LIMA,RIMAC,174785,0.713798909,0.11429909,0.9486224833333333,0.754134746,0.6014507042253521,0.5692587724137931,0.11872682323856613,0.04320148331273177,0.06526576019777502,0.0027400082406262875,0.01415327564894932,0.0047589616810877625
150129,LIMA,LIMA,SAN BARTOLO,7482,0.731334335,0.13336333,0.9283047088333334,0.766773163,0.6029647887323943,0.6196948823529411,0.11778398510242086,0.04655493482309125,0.06378026070763501,0.008845437616387336,0.00558659217877095,0.004189944134078212
150130,LIMA,LIMA,SAN BORJA,113247,0.817821823,0.00463208,0.9574321121666666,0.790744758,0.8212535211267605,0.7089429918864097,0.013279908414424729,0.0010875787063537492,0.008128219805380652,2.8620492272467087e-5,0.0037779049799656554,6.010303377218089e-4
150131,LIMA,LIMA,SAN ISIDRO,60735,0.786357398,5.73463e-4,0.9511119048333332,0.787805614,0.8406760563380282,0.6282094109533468,0.006833388696436198,3.321786171878707e-4,0.003701418877236274,0,0.0026574289375029658,2.847245290181749e-4
150132,LIMA,LIMA,SAN JUAN DE LURIGANCHO,1038495,0.690557115,0.1770394,0.9336810871666666,0.734362382,0.5467957746478874,0.5565862397565923,0.1828951591724782,0.09941349829301742,0.07536619882699659,0.010584750955618453,0.014458288348749671,0.006751334947915147
150133,LIMA,LIMA,SAN JUAN DE MIRAFLORES,355219,0.720347381,0.1518192,0.9571838321666666,0.772166644,0.5703521126760562,0.5884418385395537,0.1362216974268862,0.05483116388910652,0.06748967508702026,0.00608862077070299,0.014247820296148723,0.007263814117989412
150134,LIMA,LIMA,SAN LUIS,52082,0.785010717,0.05473567,0.9875992674999999,0.810181986,0.688112676056338,0.6560318551724138,0.06416307544975716,0.005540734660373486,0.050140228469799576,0,0.009439770162117792,0.001573295027019632
150135,LIMA,LIMA,SAN MARTIN DE PORRES,654083,0.736825976,0.10343179,0.9478452175000001,0.793169197,0.6265211267605634,0.5986963107505071,0.08367251051496437,0.014927569868612477,0.05633643357316321,0.002315273445681647,0.0113782386939367,0.003843693568747771
150136,LIMA,LIMA,SAN MIGUEL,155384,0.808917881,0.01581726,0.9501167026666667,0.769672893,0.761838028169014,0.7275317221095334,0.030685998701579745,0.0037437784029430857,0.02122917117507033,0,0.005907812161869725,7.790521532135902e-4
150137,LIMA,LIMA,SANTA ANITA,196214,0.727809582,0.09643694,0.9623680496666668,0.767822852,0.5921056338028169,0.594130705882353,0.10309871306348407,0.00961607592206485,0.08129628298224172,4.493493421525631e-4,0.011629160974908332,0.005194478395283629
150138,LIMA,LIMA,SANTA MARIA DEL MAR,999,0.742192723,0.07065562,0.9132859608333334,0.642857143,0.5910915492957747,0.726204075862069,0.10333333333333333,0.03,0.056666666666666664,0,0.016666666666666666,0.006666666666666667
150139,LIMA,LIMA,SANTA ROSA,27863,0.642883013,0.22028653,0.8820068108333333,0.678859857,0.5329788732394366,0.5008167557809331,0.26245808764018963,0.19401086830847497,0.06833159902878945,0.012718233321771303,0.013527575442247659,0.007515319690137588
150140,LIMA,LIMA,SANTIAGO DE SURCO,329152,0.795789646,0.01231283,0.9544759258333334,0.79054446,0.7894436619718309,0.668353386612576,0.02582890092956206,0.005716558134910772,0.01384898344683601,7.754635383009395e-4,0.006183824625938261,8.947656211164686e-4
150141,LIMA,LIMA,SURQUILLO,91023,0.803055556,0.02747559,0.9482091411666665,0.798913043,0.7311619718309859,0.7146215050709939,0.04145307907866858,0.0030414872530927484,0.031132526826601052,0,0.007415761055293555,0.001366960563187752
150142,LIMA,LIMA,VILLA EL SALVADOR,393254,0.696885767,0.20166089,0.9451218688333334,0.746793546,0.544218309859155,0.5617073655172414,0.13204401818968337,0.0469302271600249,0.0692452969539666,0.004410259656675002,0.014317517593559755,0.0073539497145992255
150143,LIMA,LIMA,VILLA MARIA DEL TRIUNFO,398433,0.693240346,0.16823515,0.9414648838333333,0.741877848,0.5335845070422535,0.5624443505070994,0.2166794155523495,0.13340821286443255,0.0771130067682059,0.012664968966952952,0.014010863987141377,0.007600917919769164
