ubigeo,new_cases
150101,335
150102,47
150103,737
150104,16
150105,58
150106,339
150107,56
150108,301
150109,20
150110,570
150111,326
150112,270
150113,18
150114,35
150115,353
150116,41
150117,294
150118,238
150119,59
150120,27
150122,17
150123,108
150124,13
150125,312
150126,6
150127,4
150128,321
150129,9
150130,17
150131,9
150132,1527
150133,461
150134,47
150135,612
150136,78
150137,248
150138,0
150139,19
150140,131
150141,77
150142,467
150143,460
